ID,Name ,Address,Country
998,Asa ,London,UK
98,Averill ,Nepal,Nepal
34,Baldwin ,Chennai,India
43,Campbell ,Shanghai,China
453,Christmas ,Melbourne,UK
56,Denali ,Kuala lumpur,Malasiya
644,Dune ,Banglaru,India
364,Echo ,Geneva,UK
3,Ainsley,Amdaman,Sri lanka
45,Blair,Dublin,Ireland
4365,Chase,Boksburg,South Africa
56,Charlie,New Delhi,India
456,Cameron,Tokyo,Japan
4,Casey,Prague,UK
46,Dakota,Washington,DC
546,Drew,Bengaluru,India
34,Devon,Mumbai,India
23,Dylan,Toronto,Ontario
42,Eden,London,England
53456,Elliot,Tallahassee,England
67,Hayden,Malta,UK
756,Harley,Texas,USA
3445,Jayden,Florida,USA
56,Jordan,Chandigarh,India
54,Jo,Canada,UK
453,Jackie,Wayne County,MI
345,Jody,Bondi Beach,Sydney
654,Anne,New Jersey,United States
6546,Natalie,Hamilton,New Zealand
45,Asasa ,Nelson,New Zealand
6,Averilla ,Seattle,United States
23,Baldwini ,Chennai,India
32,Campbella ,Chicagoland,United States
756,Chris,Melbourne,Canada
876,Denalia ,Los Angeles,United States
978,Dunei ,Banglaru,India
898,Echoo ,Geneva,UK
76,Ainsleya,Amdaman,Sri lanka
56,Blaira,Dublin,UK
54,Chasey,Boksburg,UK
456,Charl,New Delhi,India
75,Camerone,Paris,France
866,Caseye,Prague,UK
876,Dakotan,Washington,United States
97,Drewi,Bengaluru,India
56,Devonron,Mumbai,India
46,Dylanan,Toronto,Canada
345,Edena,London,UK
34,Elli,Rome,United Kingdom
342,Haydena,Bengaluru,India
234,Harl,Mumbai,India
654,Jaydena,Toronto,Canada
43,Jordana,London,UK
45,John,Tulum,Mexico
,,,
,,,
,,,
,,,
