ID,name,address
1,Alliance Inc,2201  BUTTE POCATELLO ID 83201-1890 USA
2,Assured Industries,1300  LEVIS WASHINGTON DC 20002-2925 USA
3,Action Place,5900  EDEN POCATELLO ID 83202-2038 USA
4,Abridge Inc,1100  CALCIONE HENDERSON NV 89011-3108 USA
5,Manufacturing Facility Co.,54  BELL CHICOPEE MA 01013-3250 USA
6,Man-units,1100  CALCIONE HENDERSON NV 89011-3108 USA
7,Manufacturing Nation,"9760 Central Dr. Coram, NY 11727"
8,The BaseManufacturing Company,1300 E 81ST LOS ANGELES CA 90001-3844 USA
9,Total Manufacturing Co.,29  CLIFTON AGAWAM MA 01001-3329 USA
10,Manufacturing Oriented,1600  PIERCE ALIQUIPPA PA 15001-1906 USA
11,Volkswagen Group,13600  3RD HOPE ND 58046-9061 USA
12,Toyota Group,2050 S MAGIC HENDERSON NV 89002-8646 USA
13,Apple Electronics,4060  JENNIFER ARLINGTON HEIGHTS IL 60004-1059 USA
14,Samsung Electronics,10505  CEDARVILLE BRANDYWINE MD 20613-7803 USA
15,Daimler Automotive,1300 N CAUSEWAY METAIRIE LA 70001-4132 USA
16,General Electric,2  BALSAM COVENTRY RI 02816-5617 USA
17,Panasonic,1  KRUGER GRASS RANGE MT 59032-8074 USA
18,Hewlett-Packard,1616  MARION WASHINGTON DC 20001-3419 USA
19,Daimler,3420  EDENBORN METAIRIE LA 70002-7585 USA
20,General Motors Automotive,1  9TH LISBON ND 58054-4216 USA
21,Ford Automotive,1401  BRONCO BOULDER CITY NV 89005-3105 USA
22,Hon Hai Precision Industry,135 W 29TH NEW YORK NY 10001-5151 USA
23,General Electric Engineering,475  K WASHINGTON DC 20001-5254 USA
24,Boeing Aerospace & Defense,1  PAJAK CHICOPEE MA 01013-1317 USA
25,Siemens Engineering,131  MOUNT HOPE BRISTOL RI 02809-3535 USA
26,iberton,601  5TH VALLEY CITY ND 58072-2019 USA
27,StarEdge,300  LON BOONVILLE NC 27011-8946 USA
28,Trumac Industrial Group,47  GOODING BRISTOL RI 02809-2622 USA
29,Spiritofista Industrial Services,901 E 106TH LOS ANGELES CA 90002-3442 USA
30,Celesten,8700  US 601 DOBSON NC 27017-7309 USA
31,Industryarc,416 N CROW HARDIN MT 59034-1848 USA
32,Industry Reactor,59  HULST AMHERST MA 01002-3534 USA
33,Industry Forum,4655  PRESTANCIA WALDORF MD 20602-4106 USA
34,Industry Globe,1  PAJAK CHICOPEE MA 01013-1317 USA
35,PrimeEight,1285  LUTHER ARLINGTON HEIGHTS IL 60004-8152 USA
36,Oak Park,1205 E HINTZ ARLINGTON HEIGHTS IL 60004-2757 USA
37,Industry Backbone,1401  BRONCO BOULDER CITY NV 89005-3105 USA
38,DeadFly Industrial Co.,"9337 Lake View Dr.
Cockeysville, MD 21030"
39,Doculo.com,1  KRUGER GRASS RANGE MT 59032-8074 USA
40,Tengent Solution,"24 Broad St. Meriden, CT 06450"
41,Qubox,2404  CEDAR ALIQUIPPA PA 15001-2312 USA
42,FeetZing Industrial Services,4060  JENNIFER ARLINGTON HEIGHTS IL 60004-1059 USA
43,Pak Rite,446 W 93RD LOS ANGELES CA 90003-3973 USA
44,ViaWave,1065  SWINFORD HENDERSON NV 89002-0510 USA
45,Barefoot,6000  NEWHART MILL SEAFORD MD 19973-6064 USA
46,Lucrado.com,2050 S MAGIC HENDERSON NV 89002-8646 USA
47,Forginn Industrial Services,2200 N WALNUT ARLINGTON HEIGHTS IL 60004-3086 USA
48,Industrylia,500  OCEANIC FISHERS ISLAND NY 06390-8001 USA
49,Industry Intel,2300  GARRETT POCATELLO ID 83201-6124 USA
50,String Industrial Co.,1285  LUTHER ARLINGTON HEIGHTS IL 60004-8152 USA
51,Industry Central,3801  SIMONE GARDEN METAIRIE LA 70002-4517 USA
52,Jorgenson Company,572 N VIRGIL LOS ANGELES CA 90004-2320 USA
53,Zerrinn industrial,2  MOULTON FARM CAPE NEDDICK ME 03902-7949 USA
54,Industrydeck,416 N CROW HARDIN MT 59034-1848 USA
55,Radianta Industrial Group,1600  PIERCE ALIQUIPPA PA 15001-1906 USA
,,
,,
,,
,,
,,
,,
,,
,,
,,
,,
,,
,,
,,
